n,native_learn,learn_unlearn,unlearn
200,0.009288311004638672,0.0,0.2610206604003906
200,0.0,0.015604972839355469,0.0
200,0.0,0.0,0.0
200,0.015627145767211914,0.0,0.0
200,0.0,0.015623331069946289,0.0
200,0.015623092651367188,0.0,0.0
200,0.0,0.015622854232788086,0.0
200,0.0,0.015606880187988281,0.0
200,0.004995584487915039,0.005979299545288086,0.0009996891021728516
200,0.009994983673095703,0.0059964656829833984,0.0009832382202148438
300,0.01562356948852539,0.0,0.0
300,0.015642404556274414,0.0,0.0
300,0.015623331069946289,0.0,0.0
300,0.0049970149993896484,0.011992931365966797,0.0019876956939697266
300,0.005991935729980469,0.0069959163665771484,0.0020046234130859375
300,0.004993438720703125,0.0059967041015625,0.0030012130737304688
300,0.0049953460693359375,0.008013486862182617,0.00099945068359375
300,0.005013942718505859,0.009998083114624023,0.0019965171813964844
300,0.005002021789550781,0.007995843887329102,0.0009989738464355469
300,0.005013227462768555,0.0069789886474609375,0.0010006427764892578
400,0.005015134811401367,0.0069980621337890625,0.004979372024536133
400,0.0,0.0156252384185791,0.0
400,0.004160881042480469,0.02386474609375,0.0029976367950439453
400,0.0,0.0156252384185791,0.0
400,0.006038188934326172,0.015627384185791016,0.0
400,0.0,0.015623331069946289,0.0
400,0.0,0.01562047004699707,0.0
400,0.0,0.0,0.015605688095092773
400,0.0,0.0,0.0
400,0.0,0.015625,0.0
500,0.0,0.01562786102294922,0.0
500,0.015622854232788086,0.015624046325683594,0.0
500,0.015608787536621094,0.0,0.0
500,0.01562976837158203,0.0,0.0
500,0.0,0.015609979629516602,0.0
500,0.012981653213500977,0.019987106323242188,0.002020597457885742
500,0.0,0.015625953674316406,0.0
500,0.007033824920654297,0.027983903884887695,0.005202770233154297
500,0.0,0.015625,0.0
500,0.0,0.0156252384185791,0.0
600,0.0,0.09377741813659668,0.0
600,0.01562356948852539,0.015624284744262695,0.0
600,0.0,0.015625715255737305,0.0
600,0.0,0.015623807907104492,0.0
600,0.0,0.015625,0.0
600,0.00800180435180664,0.0,0.0010004043579101562
600,0.015608549118041992,0.0156400203704834,0.0
600,0.01564788818359375,0.0,0.0
600,0.0042781829833984375,0.010994434356689453,0.0009982585906982422
600,0.0,0.015625715255737305,0.0
700,0.004996061325073242,0.011993169784545898,0.003998279571533203
700,0.004998207092285156,0.013991594314575195,0.002996683120727539
700,0.005978822708129883,0.011993646621704102,0.001997232437133789
700,0.00501561164855957,0.013992071151733398,0.002997159957885742
700,0.0,0.01562666893005371,0.0
700,0.0022039413452148438,0.012009859085083008,0.0019974708557128906
700,0.0,0.015625476837158203,0.0
700,0.0,0.0,0.015643596649169922
700,0.0,0.015625476837158203,0.0
700,0.004978656768798828,0.012991905212402344,0.0030150413513183594
800,0.0,0.015972375869750977,0.0022144317626953125
800,0.005981922149658203,0.014971256256103516,0.004015684127807617
800,0.015620946884155273,0.015625,0.0
800,0.004978656768798828,0.015009880065917969,0.0030145645141601562
800,0.0,0.015643835067749023,0.0
800,0.0,0.015625715255737305,0.0
800,0.01562047004699707,0.015628576278686523,0.0
800,0.0,0.015626192092895508,0.0
800,0.0,0.015625476837158203,0.0
800,0.01999688148498535,0.01564764976501465,0.0
900,0.0,0.0312652587890625,0.0
900,0.0,0.031250953674316406,0.0
900,0.015625476837158203,0.015625476837158203,0.0
900,0.0049970149993896484,0.021805763244628906,0.0039975643157958984
900,0.0,0.01560521125793457,0.0
900,0.0,0.017990827560424805,0.0011789798736572266
900,0.0,0.02200627326965332,0.004125118255615234
900,0.01562666893005371,0.01018381118774414,0.0
900,0.015625,0.012118101119995117,0.0
900,0.01564311981201172,0.014182090759277344,0.0
1000,0.0,0.01011800765991211,0.015642642974853516
1000,0.0,0.007161378860473633,0.015624761581420898
1000,0.0,0.015625,0.015624046325683594
1000,0.015623807907104492,0.015627384185791016,0.0
1000,0.007995843887329102,0.024068593978881836,0.005998373031616211
1000,0.011506795883178711,0.031248092651367188,0.0
1000,0.0,0.015607118606567383,0.015624284744262695
1000,0.0,0.021014928817749023,0.0
1000,0.015642404556274414,0.03124547004699707,0.0
1000,0.01563882827758789,0.015626907348632812,0.0
1100,0.0,0.031247615814208984,0.0
1100,0.0,0.031247615814208984,0.0
1100,0.015621423721313477,0.03125166893005371,0.0
1100,0.0,0.015625,0.015606880187988281
1100,0.015642881393432617,0.03124713897705078,0.0
1100,0.0,0.031249523162841797,0.0
1100,0.005998134613037109,0.03523087501525879,0.003995656967163086
1100,0.0,0.015642881393432617,0.015604734420776367
1100,0.015606880187988281,0.0176699161529541,0.0
1100,0.0,0.03626894950866699,0.0
1200,0.0,0.031247854232788086,0.01562666893005371
1200,0.0,0.038831233978271484,0.005265235900878906
1200,0.007996559143066406,0.0359807014465332,0.005994081497192383
1200,0.004997730255126953,0.031248092651367188,0.0069904327392578125
1200,0.0069980621337890625,0.026968002319335938,0.003996610641479492
1200,0.0049970149993896484,0.02696514129638672,0.005996227264404297
1200,0.015624046325683594,0.031247615814208984,0.0
1200,0.004050493240356445,0.027983427047729492,0.004996538162231445
1200,0.00601506233215332,0.041342973709106445,0.0069959163665771484
1200,0.0,0.015626907348632812,0.015621423721313477
1300,0.0,0.031230688095092773,0.0
1300,0.015622615814208984,0.03125143051147461,0.0
1300,0.0,0.03125166893005371,0.015602827072143555
1300,0.015604496002197266,0.031248807907104492,0.0
1300,0.015605688095092773,0.0312654972076416,0.0
1300,0.0,0.03124833106994629,0.015605449676513672
1300,0.0,0.026646137237548828,0.0
1300,0.0,0.015624761581420898,0.01560664176940918
1300,0.0,0.0312657356262207,0.01560664176940918
1300,0.015623092651367188,0.031230926513671875,0.0
1400,0.0,0.03126883506774902,0.015605926513671875
1400,0.01562356948852539,0.031229734420776367,0.0
1400,0.008995294570922852,0.048554182052612305,0.007014274597167969
1400,0.0069963932037353516,0.040175676345825195,0.005995750427246094
1400,0.0,0.03126978874206543,0.015601873397827148
1400,0.015625715255737305,0.031247615814208984,0.0
1400,0.005995273590087891,0.04242587089538574,0.009995698928833008
1400,0.00699615478515625,0.03498053550720215,0.0049932003021240234
1400,0.0,0.0312497615814209,0.015622138977050781
1400,0.0069963932037353516,0.03124856948852539,0.02099442481994629
1500,0.0,0.031249046325683594,0.015624284744262695
1500,0.0,0.0312504768371582,0.01562356948852539
1500,0.015625476837158203,0.046854496002197266,0.0
1500,0.0,0.031247377395629883,0.015623331069946289
1500,0.0069959163665771484,0.05029749870300293,0.00699615478515625
1500,0.0,0.04685568809509277,0.015648365020751953
1500,0.015623331069946289,0.04685521125793457,0.0
1500,0.0,0.031248807907104492,0.015624046325683594
1500,0.0,0.03126931190490723,0.01560211181640625
1500,0.0,0.031250953674316406,0.015604257583618164
1600,0.0,0.03125762939453125,0.01561594009399414
1600,0.0,0.0312502384185791,0.0
1600,0.006994962692260742,0.031232118606567383,0.020910024642944336
1600,0.01566338539123535,0.04685378074645996,0.0
1600,0.004128217697143555,0.046871185302734375,0.01786065101623535
1600,0.0,0.04685544967651367,0.015654325485229492
1600,0.015625715255737305,0.04685521125793457,0.0
1600,0.015622138977050781,0.025670289993286133,0.0
1600,0.02379441261291504,0.04685568809509277,0.0
1600,0.011994123458862305,0.05437779426574707,0.009994029998779297
1700,0.0,0.03963303565979004,0.015624284744262695
1700,0.005995512008666992,0.048898935317993164,0.00999593734741211
1700,0.006997346878051758,0.05114936828613281,0.010993480682373047
1700,0.014989376068115234,0.046871185302734375,0.01686549186706543
1700,0.007996320724487305,0.0508725643157959,0.013990163803100586
1700,0.015623331069946289,0.04687190055847168,0.0
1700,0.008997440338134766,0.05049562454223633,0.019984722137451172
1700,0.0,0.04687309265136719,0.01564192771911621
1700,0.006978273391723633,0.05808877944946289,0.012012243270874023
1700,0.01564192771911621,0.03125429153442383,0.0
1800,0.012992382049560547,0.046854496002197266,0.01983022689819336
1800,0.015624761581420898,0.059001922607421875,0.0
1800,0.015642404556274414,0.06249642372131348,0.0
1800,0.0,0.04687380790710449,0.01564192771911621
1800,0.0070154666900634766,0.06247854232788086,0.015870094299316406
1800,0.015367746353149414,0.06249427795410156,0.015879154205322266
1800,0.002828836441040039,0.062254905700683594,0.011992692947387695
1800,0.015623807907104492,0.04687142372131348,0.0
1800,0.015624761581420898,0.056404829025268555,0.0
1800,0.01564311981201172,0.062478065490722656,0.0
1900,0.0,0.06251406669616699,0.015607357025146484
1900,0.01562643051147461,0.046855926513671875,0.015621423721313477
1900,0.006977558135986328,0.06249594688415527,0.01896953582763672
1900,0.010975837707519531,0.05910515785217285,0.012009620666503906
1900,0.015624523162841797,0.06374740600585938,0.0030851364135742188
1900,0.0,0.04685473442077637,0.01562356948852539
1900,0.015606164932250977,0.052016496658325195,0.0
1900,0.007992744445800781,0.07709193229675293,0.015600919723510742
1900,0.015618324279785156,0.0625152587890625,0.0
1900,0.0,0.057964324951171875,0.011114120483398438
2000,0.006995201110839844,0.06251287460327148,0.03146076202392578
2000,0.0,0.05264163017272949,0.015624523162841797
2000,0.015624761581420898,0.06755781173706055,0.0
2000,0.011989831924438477,0.06618857383728027,0.016992568969726562
2000,0.015624523162841797,0.05030512809753418,0.015623331069946289
2000,0.020357847213745117,0.05890393257141113,0.0
2000,0.015641450881958008,0.04687142372131348,0.015607595443725586
2000,0.0,0.06249594688415527,0.015607357025146484
2000,0.015624523162841797,0.08192634582519531,0.0
2000,0.015625476837158203,0.08602237701416016,0.0
2100,0.006997108459472656,0.08735132217407227,0.011993408203125
2100,0.0,0.0625145435333252,0.015607118606567383
2100,0.0156252384185791,0.07812047004699707,0.0
2100,0.0,0.062496185302734375,0.015624284744262695
2100,0.004148960113525391,0.08522915840148926,0.013992071151733398
2100,0.02555704116821289,0.07810735702514648,0.0
2100,0.00799560546875,0.07176589965820312,0.01798868179321289
2100,0.015641212463378906,0.062496185302734375,0.015607595443725586
2100,0.015622854232788086,0.07810044288635254,0.0
2100,0.007996559143066406,0.09287476539611816,0.012992143630981445
2200,0.0,0.0781240463256836,0.015601396560668945
2200,0.0156252384185791,0.07810282707214355,0.015622615814208984
2200,0.0,0.07893610000610352,0.009195804595947266
2200,0.006041288375854492,0.0757596492767334,0.010994672775268555
2200,0.015622138977050781,0.06956934928894043,0.015607595443725586
2200,0.008979558944702148,0.09495925903320312,0.018007755279541016
2200,0.006994009017944336,0.07913756370544434,0.01699233055114746
2200,0.0,0.06567549705505371,0.015605449676513672
2200,0.0,0.07810521125793457,0.015639543533325195
2200,0.0,0.07812309265136719,0.01562047004699707
2300,0.0,0.07812333106994629,0.015639781951904297
2300,0.015624761581420898,0.06552791595458984,0.015624284744262695
2300,0.0,0.07088851928710938,0.015624284744262695
2300,0.015623331069946289,0.07811784744262695,0.015642166137695312
2300,0.0,0.07810235023498535,0.015624046325683594
2300,0.0,0.07810306549072266,0.015624284744262695
2300,0.024266719818115234,0.08359503746032715,0.0
2300,0.015623807907104492,0.06925249099731445,0.015622854232788086
2300,0.008993148803710938,0.08478927612304688,0.018987417221069336
2300,0.007991790771484375,0.07546234130859375,0.016012907028198242
2400,0.008992910385131836,0.0964663028717041,0.013992786407470703
2400,0.006996870040893555,0.07918810844421387,0.028679609298706055
2400,0.006998777389526367,0.09936952590942383,0.015986919403076172
2400,0.007993936538696289,0.09562444686889648,0.01699209213256836
2400,0.0,0.0888824462890625,0.015624284744262695
2400,0.01099252700805664,0.0715477466583252,0.020043134689331055
2400,0.015624046325683594,0.08274054527282715,0.015624523162841797
2400,0.0,0.09372973442077637,0.015638113021850586
2400,0.015621185302734375,0.07810282707214355,0.015624523162841797
2400,0.0,0.06654238700866699,0.031227827072143555
2500,0.007978677749633789,0.10526466369628906,0.01800847053527832
2500,0.015605449676513672,0.08968663215637207,0.015641212463378906
2500,0.015624046325683594,0.0819096565246582,0.015623331069946289
2500,0.01499176025390625,0.10359764099121094,0.023282527923583984
2500,0.015625,0.07810163497924805,0.015641212463378906
2500,0.015607595443725586,0.09099006652832031,0.015643596649169922
2500,0.0,0.1059408187866211,0.015623092651367188
2500,0.0,0.08835124969482422,0.015625953674316406
2500,0.01562976837158203,0.10263252258300781,0.0
2500,0.01560664176940918,0.09374308586120605,0.015642404556274414
2600,0.0066983699798583984,0.10034918785095215,0.01898789405822754
2600,0.0,0.10936522483825684,0.015623807907104492
2600,0.0,0.09890294075012207,0.015599489212036133
2600,0.0,0.11290717124938965,0.01564311981201172
2600,0.0,0.10935211181640625,0.015623092651367188
2600,0.011993169784545898,0.08815789222717285,0.02229452133178711
2600,0.015620708465576172,0.08378028869628906,0.0
2600,0.003044605255126953,0.10547471046447754,0.014986753463745117
2600,0.010992050170898438,0.09374547004699707,0.021088123321533203
2600,0.0,0.10477781295776367,0.015034675598144531
2700,0.01562666893005371,0.09374523162841797,0.015621423721313477
2700,0.0,0.10650229454040527,0.014078617095947266
2700,0.015625715255737305,0.11590242385864258,0.015621423721313477
2700,0.007996559143066406,0.10729336738586426,0.01299142837524414
2700,0.012687206268310547,0.09987688064575195,0.015622854232788086
2700,0.015624761581420898,0.09374713897705078,0.015622377395629883
2700,0.01562356948852539,0.10174775123596191,0.015626192092895508
2700,0.015644550323486328,0.10936999320983887,0.015622377395629883
2700,0.015623092651367188,0.11016654968261719,0.015605449676513672
2700,0.01564335823059082,0.09650731086730957,0.015619039535522461
2800,0.0,0.10935091972351074,0.0156252384185791
2800,0.0,0.11013627052307129,0.019039392471313477
2800,0.0,0.10934901237487793,0.015642642974853516
2800,0.015622854232788086,0.1093897819519043,0.015603780746459961
2800,0.0,0.09374713897705078,0.031244754791259766
2800,0.0,0.09066486358642578,0.031241655349731445
2800,0.015644311904907227,0.10128974914550781,0.01560068130493164
2800,0.0,0.10937118530273438,0.03126263618469238
2800,0.009992599487304688,0.12349939346313477,0.02098846435546875
2800,0.009121179580688477,0.12969565391540527,0.0159912109375
2900,0.015626192092895508,0.10766863822937012,0.015623331069946289
2900,0.0,0.11338615417480469,0.015625953674316406
2900,0.015622854232788086,0.11115574836730957,0.015624046325683594
2900,0.008594036102294922,0.12779808044433594,0.0159912109375
2900,0.015624284744262695,0.12150859832763672,0.015624046325683594
2900,0.015640974044799805,0.10419201850891113,0.015621185302734375
2900,0.008994817733764648,0.12365102767944336,0.015990018844604492
2900,0.010994195938110352,0.11040878295898438,0.01998615264892578
2900,0.0,0.12499189376831055,0.015642166137695312
2900,0.0,0.11328935623168945,0.03124237060546875
3000,0.015622138977050781,0.10779619216918945,0.015624046325683594
3000,0.0,0.10722565650939941,0.03126668930053711
3000,0.0,0.12319254875183105,0.015623092651367188
3000,0.01562356948852539,0.1238400936126709,0.004091501235961914
3000,0.015593767166137695,0.1249077320098877,0.015655040740966797
3000,0.0036246776580810547,0.11782622337341309,0.016987323760986328
3000,0.0030395984649658203,0.15621733665466309,0.013986349105834961
3000,0.015624284744262695,0.12497329711914062,0.01564192771911621
3000,0.015626192092895508,0.11641836166381836,0.01562356948852539
3000,0.0156252384185791,0.12497782707214355,0.015621662139892578
3100,0.0,0.12185502052307129,0.031248092651367188
3100,0.0,0.10935163497924805,0.031244754791259766
3100,0.0,0.13369417190551758,0.01974797248840332
3100,0.020437002182006836,0.12497305870056152,0.015642404556274414
3100,0.0,0.12499260902404785,0.031245946884155273
3100,0.015623092651367188,0.11749124526977539,0.015622854232788086
3100,0.008994579315185547,0.13047146797180176,0.021982669830322266
3100,0.0,0.13373184204101562,0.019025325775146484
3100,0.013190746307373047,0.133622407913208,0.02510809898376465
3100,0.0,0.12166523933410645,0.03124833106994629
3200,0.024140119552612305,0.14061737060546875,0.015633821487426758
3200,0.015625953674316406,0.14151716232299805,0.015623092651367188
3200,0.009996175765991211,0.12497520446777344,0.03500723838806152
3200,0.015641212463378906,0.1383047103881836,0.015624046325683594
3200,0.004053592681884766,0.14140748977661133,0.017990589141845703
3200,0.015628814697265625,0.12162113189697266,0.015622854232788086
3200,0.008380413055419922,0.12877750396728516,0.017989635467529297
3200,0.0,0.14021658897399902,0.015638113021850586
3200,0.00897836685180664,0.12499213218688965,0.03203701972961426
3200,0.015643596649169922,0.1443173885345459,0.015604496002197266
3300,0.01562666893005371,0.14780378341674805,0.01562666893005371
3300,0.015625715255737305,0.13402938842773438,0.01564192771911621
3300,0.015624523162841797,0.14324188232421875,0.015624046325683594
3300,0.0,0.12497973442077637,0.031242847442626953
3300,0.008976459503173828,0.1227712631225586,0.034232139587402344
3300,0.0,0.12497258186340332,0.031265974044799805
3300,0.0,0.1324601173400879,0.015642404556274414
3300,0.01915287971496582,0.12499523162841797,0.015618324279785156
3300,0.0,0.12497496604919434,0.03126382827758789
3300,0.015643835067749023,0.13554096221923828,0.015630006790161133
3400,0.0,0.14061903953552246,0.031243085861206055
3400,0.015624046325683594,0.13706135749816895,0.015604734420776367
3400,0.015627384185791016,0.12499260902404785,0.0312652587890625
3400,0.015610218048095703,0.14061927795410156,0.015642166137695312
3400,0.010992050170898438,0.16888689994812012,0.028985261917114258
3400,0.0,0.1425933837890625,0.03126645088195801
3400,0.011995792388916016,0.17252278327941895,0.024982452392578125
3400,0.0,0.14285588264465332,0.015622854232788086
3400,0.0,0.16003918647766113,0.01914238929748535
3400,0.0,0.15255331993103027,0.031246662139892578
3500,0.015627622604370117,0.144545316696167,0.014086723327636719
3500,0.008994817733764648,0.14957237243652344,0.020986557006835938
3500,0.0010333061218261719,0.1454606056213379,0.026002883911132812
3500,0.019980192184448242,0.1576697826385498,0.015624284744262695
3500,0.0,0.16467809677124023,0.02716684341430664
3500,0.0,0.15136003494262695,0.021195411682128906
3500,0.01564645767211914,0.16532564163208008,0.015618324279785156
3500,0.01562976837158203,0.13592147827148438,0.015639543533325195
3500,0.012333869934082031,0.1360340118408203,0.031266212463378906
3500,0.009993553161621094,0.14961791038513184,0.01839900016784668
3600,0.009978055953979492,0.1471562385559082,0.03844475746154785
3600,0.01562643051147461,0.1481788158416748,0.006035327911376953
3600,0.015629053115844727,0.15500593185424805,0.008010149002075195
3600,0.016995668411254883,0.1807112693786621,0.03298020362854004
3600,0.010994672775268555,0.17688536643981934,0.029981613159179688
3600,0.0,0.14204692840576172,0.03124237060546875
3600,0.013993024826049805,0.18287324905395508,0.026983261108398438
3600,0.011995553970336914,0.18489432334899902,0.026983976364135742
3600,0.015608787536621094,0.13304877281188965,0.015641450881958008
3600,0.0,0.14061880111694336,0.03122568130493164
3700,0.015625,0.1491842269897461,0.0312647819519043
3700,0.0,0.15540337562561035,0.031263113021850586
3700,0.01990532875061035,0.17141222953796387,0.018776416778564453
3700,0.0,0.16560673713684082,0.024780750274658203
3700,0.015624761581420898,0.15958571434020996,0.027946949005126953
3700,0.009976863861083984,0.1768958568572998,0.0279998779296875
3700,0.009994983673095703,0.16439199447631836,0.022986412048339844
3700,0.01564478874206543,0.17322731018066406,0.012132406234741211
3700,0.0012054443359375,0.17464566230773926,0.028998851776123047
3700,0.009996891021728516,0.170013427734375,0.024983882904052734
3800,0.011994123458862305,0.1980128288269043,0.03397727012634277
3800,0.015609264373779297,0.1730787754058838,0.03126358985900879
3800,0.00997781753540039,0.14675045013427734,0.029836654663085938
3800,0.012993097305297852,0.16592693328857422,0.031980037689208984
3800,0.009979009628295898,0.17751646041870117,0.030995845794677734
3800,0.010993719100952148,0.1565406322479248,0.03998088836669922
3800,0.014989852905273438,0.15407061576843262,0.030747652053833008
3800,0.015622854232788086,0.16379499435424805,0.031229734420776367
3800,0.0,0.16019415855407715,0.031247615814208984
3800,0.023493289947509766,0.1735363006591797,0.010145902633666992
3900,0.015614032745361328,0.1741809844970703,0.0237581729888916
3900,0.0012621879577636719,0.17192339897155762,0.02698230743408203
3900,0.0,0.2905311584472656,0.031248092651367188
3900,0.01097559928894043,0.15661835670471191,0.04702425003051758
3900,0.015607357025146484,0.16543245315551758,0.03126215934753418
3900,0.0,0.1666114330291748,0.031246185302734375
3900,0.015623331069946289,0.17388081550598145,0.01562190055847168
3900,0.015616893768310547,0.2827422618865967,0.01425027847290039
3900,0.0,0.19391465187072754,0.060964107513427734
3900,0.015605926513671875,0.17459750175476074,0.031243324279785156
4000,0.009996175765991211,0.19840502738952637,0.08564305305480957
4000,0.015642404556274414,0.1845381259918213,0.022206783294677734
4000,0.01562666893005371,0.17188405990600586,0.031243324279785156
4000,0.0,0.1948091983795166,0.02270650863647461
4000,0.011993885040283203,0.17755460739135742,0.04336190223693848
4000,0.015656232833862305,0.17746543884277344,0.03272867202758789
4000,0.012764215469360352,0.17982840538024902,0.0405428409576416
4000,0.01099395751953125,0.1975269317626953,0.028980493545532227
4000,0.01299285888671875,0.1921522617340088,0.03901243209838867
4000,0.015609264373779297,0.21281075477600098,0.031264543533325195
4100,0.0,0.17347407341003418,0.015622138977050781
4100,0.0,0.1784510612487793,0.04213070869445801
4100,0.0156097412109375,0.15964841842651367,0.015638351440429688
4100,0.0,0.1868436336517334,0.015623331069946289
4100,0.015624761581420898,0.1943821907043457,0.01902461051940918
4100,0.0,0.186387300491333,0.031249523162841797
4100,0.0,0.1842508316040039,0.018744230270385742
4100,0.0156400203704834,0.18244385719299316,0.031256675720214844
4100,0.015608549118041992,0.17893147468566895,0.031259775161743164
4100,0.015624284744262695,0.17866778373718262,0.03126645088195801
4200,0.01099395751953125,0.17907977104187012,0.025983810424804688
4200,0.013989925384521484,0.18446755409240723,0.03498053550720215
4200,0.015623331069946289,0.18418550491333008,0.031249284744262695
4200,0.011993408203125,0.2033987045288086,0.04272794723510742
4200,0.015642881393432617,0.189056396484375,0.017047643661499023
4200,0.015613317489624023,0.1718463897705078,0.031264305114746094
4200,0.0,0.18383073806762695,0.04688906669616699
4200,0.018987417221069336,0.2143704891204834,0.04619121551513672
4200,0.01560521125793457,0.18503999710083008,0.03126692771911621
4200,0.015625,0.19738101959228516,0.031246662139892578
4300,0.0,0.19794273376464844,0.031248807907104492
4300,0.015628576278686523,0.21336889266967773,0.0312654972076416
4300,0.015624046325683594,0.18088197708129883,0.045755863189697266
4300,0.01998734474182129,0.18274903297424316,0.04337954521179199
4300,0.0,0.18666648864746094,0.03126215934753418
4300,0.015610456466674805,0.18246746063232422,0.034760236740112305
4300,0.01399087905883789,0.19870686531066895,0.05225968360900879
4300,0.0,0.19344520568847656,0.0230255126953125
4300,0.012992620468139648,0.17845535278320312,0.05094647407531738
4300,0.015622854232788086,0.1938920021057129,0.03124833106994629
4400,0.0156252384185791,0.20780730247497559,0.031243085861206055
4400,0.015607118606567383,0.1846473217010498,0.0312654972076416
4400,0.01560664176940918,0.20710206031799316,0.03124523162841797
4400,0.0,0.19256949424743652,0.031264543533325195
4400,0.015625953674316406,0.19794845581054688,0.031244277954101562
4400,0.0,0.21608972549438477,0.029679059982299805
4400,0.01560664176940918,0.18749332427978516,0.03125905990600586
4400,0.0,0.18314146995544434,0.04688405990600586
4400,0.015605688095092773,0.20541071891784668,0.03126049041748047
4400,0.013993501663208008,0.23586416244506836,0.033979177474975586
4500,0.013993263244628906,0.24086284637451172,0.027983665466308594
4500,0.011993408203125,0.2068619728088379,0.029979944229125977
4500,0.013974189758300781,0.21587419509887695,0.03399515151977539
4500,0.012992620468139648,0.21687722206115723,0.03298020362854004
4500,0.011994361877441406,0.21385788917541504,0.03397822380065918
4500,0.011994600296020508,0.21485638618469238,0.02898097038269043
4500,0.012992143630981445,0.21487641334533691,0.029982328414916992
4500,0.016991376876831055,0.29383158683776855,0.05496573448181152
4500,0.03597688674926758,0.389758825302124,0.05796623229980469
4500,0.0,0.29155611991882324,0.04687166213989258
4600,0.01898479461669922,0.228379487991333,0.052973031997680664
4600,0.018988847732543945,0.26281285285949707,0.048970699310302734
4600,0.015626907348632812,0.2698855400085449,0.031249523162841797
4600,0.015607118606567383,0.22379541397094727,0.031241655349731445
4600,0.01562356948852539,0.21270322799682617,0.031243085861206055
4600,0.015608549118041992,0.20309710502624512,0.04688549041748047
4600,0.01560664176940918,0.20693063735961914,0.04688835144042969
4600,0.019989013671875,0.3227956295013428,0.05496668815612793
4600,0.017113208770751953,0.2187361717224121,0.0312654972076416
4600,0.015624761581420898,0.2187175750732422,0.031246662139892578
4700,0.01560664176940918,0.2030935287475586,0.04688763618469238
4700,0.0,0.20566868782043457,0.03124690055847168
4700,0.015606403350830078,0.20450305938720703,0.031264305114746094
4700,0.01560521125793457,0.2187178134918213,0.0312652587890625
4700,0.01564788818359375,0.21873712539672852,0.031244277954101562
4700,0.00850534439086914,0.19895243644714355,0.04688715934753418
4700,0.015624523162841797,0.2030940055847168,0.0312650203704834
4700,0.015607833862304688,0.20309901237487793,0.03126025199890137
4700,0.015604972839355469,0.22277235984802246,0.031266212463378906
4700,0.01560664176940918,0.20395874977111816,0.046888113021850586
4800,0.015625476837158203,0.21466612815856934,0.031247615814208984
4800,0.015610218048095703,0.20309710502624512,0.046883583068847656
4800,0.019615650177001953,0.20462846755981445,0.03124070167541504
4800,0.0,0.21873855590820312,0.04685258865356445
4800,0.015623331069946289,0.20238018035888672,0.031245946884155273
4800,0.015613079071044922,0.2242732048034668,0.031264305114746094
4800,0.0,0.20431256294250488,0.04684710502624512
4800,0.015609979629516602,0.20186114311218262,0.046886444091796875
4800,0.01562356948852539,0.2030932903289795,0.03126788139343262
4800,0.015606164932250977,0.20660781860351562,0.03127312660217285
4900,0.015617847442626953,0.21871733665466309,0.04688715934753418
4900,0.015627622604370117,0.21873855590820312,0.031246662139892578
4900,0.01562666893005371,0.22103190422058105,0.046849727630615234
4900,0.0156097412109375,0.21853971481323242,0.031264543533325195
4900,0.015633583068847656,0.2343449592590332,0.031242847442626953
4900,0.015607357025146484,0.21871685981750488,0.046889305114746094
4900,0.015628337860107422,0.22710871696472168,0.04687213897705078
4900,0.015642404556274414,0.23047113418579102,0.031244993209838867
4900,0.01562356948852539,0.2343604564666748,0.04688882827758789
4900,0.015606880187988281,0.23436284065246582,0.03126215934753418
5000,0.0,0.22324442863464355,0.04688549041748047
5000,0.015606880187988281,0.21872282028198242,0.06250786781311035
5000,0.015624523162841797,0.21871685981750488,0.04687142372131348
5000,0.015631675720214844,0.23316693305969238,0.046889305114746094
5000,0.015608072280883789,0.22257328033447266,0.046884775161743164
5000,0.015624284744262695,0.23438501358032227,0.04684758186340332
5000,0.0,0.21872210502624512,0.04686689376831055
5000,0.015607357025146484,0.22651433944702148,0.0468902587890625
5000,0.015612125396728516,0.231278657913208,0.046865224838256836
5000,0.0,0.2187178134918213,0.04688835144042969
5100,0.015607357025146484,0.21871733665466309,0.031265974044799805
5100,0.015625476837158203,0.23251104354858398,0.04684782028198242
5100,0.015607118606567383,0.2237696647644043,0.046887874603271484
5100,0.015624761581420898,0.23434090614318848,0.04687070846557617
5100,0.01562356948852539,0.24996590614318848,0.062494516372680664
5100,0.015642404556274414,0.21872305870056152,0.03124403953552246
5100,0.015623331069946289,0.22275137901306152,0.03124713897705078
5100,0.015624761581420898,0.22025084495544434,0.046846628189086914
5100,0.015606880187988281,0.2187197208404541,0.04688620567321777
5100,0.015611648559570312,0.2343425750732422,0.031264305114746094
5200,0.01562666893005371,0.22226428985595703,0.04686927795410156
5200,0.015625953674316406,0.234344482421875,0.04686713218688965
5200,0.015640974044799805,0.23633837699890137,0.03122687339782715
5200,0.015628814697265625,0.24184560775756836,0.03124547004699707
5200,0.0,0.22632336616516113,0.03123784065246582
5200,0.015606880187988281,0.229264497756958,0.046895742416381836
5200,0.01564621925354004,0.2199418544769287,0.046869754791259766
5200,0.015642642974853516,0.23434209823608398,0.031245708465576172
5200,0.015630722045898438,0.23434233665466309,0.031245708465576172
5200,0.015625,0.24019527435302734,0.04687094688415527
5300,0.0,0.24575352668762207,0.04687333106994629
5300,0.01563549041748047,0.24623680114746094,0.04687237739562988
5300,0.015630722045898438,0.2343435287475586,0.031244993209838867
5300,0.015625715255737305,0.23687505722045898,0.03758049011230469
5300,0.015625476837158203,0.23434138298034668,0.04676175117492676
5300,0.015645980834960938,0.23436522483825684,0.04686474800109863
5300,0.01563405990600586,0.23436403274536133,0.03126358985900879
5300,0.01564478874206543,0.2343604564666748,0.031243085861206055
5300,0.015624284744262695,0.23785877227783203,0.04686617851257324
5300,0.015639781951904297,0.23556995391845703,0.04688405990600586
5400,0.0,0.2508254051208496,0.046871185302734375
5400,0.015627622604370117,0.2343456745147705,0.04688429832458496
5400,0.01562356948852539,0.264512300491333,0.03122687339782715
5400,0.015606880187988281,0.2406775951385498,0.031261444091796875
5400,0.015640735626220703,0.2514216899871826,0.03122878074645996
5400,0.015607833862304688,0.24883747100830078,0.04688858985900879
5400,0.01564311981201172,0.24428224563598633,0.04686713218688965
5400,0.0156252384185791,0.24397730827331543,0.031243324279785156
5400,0.015626907348632812,0.2442920207977295,0.031244754791259766
5400,0.0156402587890625,0.22825026512145996,0.03124856948852539
5500,0.015625953674316406,0.2655928134918213,0.031244277954101562
5500,0.015623807907104492,0.26376819610595703,0.04687190055847168
5500,0.015642881393432617,0.2499861717224121,0.03124547004699707
5500,0.01563239097595215,0.25599217414855957,0.04688429832458496
5500,0.015606403350830078,0.23434042930603027,0.04688882827758789
5500,0.015622854232788086,0.2655951976776123,0.03124237060546875
5500,0.015624284744262695,0.2499866485595703,0.04686713218688965
5500,0.01562952995300293,0.2499845027923584,0.04686927795410156
5500,0.015606403350830078,0.24925541877746582,0.0468907356262207
5500,0.01562356948852539,0.2468421459197998,0.04687190055847168
5600,0.015629291534423828,0.2499685287475586,0.04686713218688965
5600,0.01562809944152832,0.24996614456176758,0.046747684478759766
5600,0.015624761581420898,0.2499830722808838,0.04687023162841797
5600,0.015648841857910156,0.2499680519104004,0.06249356269836426
5600,0.01562786102294922,0.2368934154510498,0.03123950958251953
5600,0.01563119888305664,0.24807167053222656,0.0382685661315918
5600,0.015627384185791016,0.23434114456176758,0.04687166213989258
5600,0.015627384185791016,0.2499854564666748,0.03122735023498535
5600,0.015626192092895508,0.2499697208404541,0.04688429832458496
5600,0.015623807907104492,0.25148820877075195,0.062493324279785156
5700,0.015624523162841797,0.33783650398254395,0.06249523162841797
5700,0.015624284744262695,0.2681102752685547,0.0468897819519043
5700,0.011005640029907227,0.2655928134918213,0.04686927795410156
5700,0.0156252384185791,0.2749452590942383,0.04687047004699707
5700,0.015622138977050781,0.28121399879455566,0.031247377395629883
5700,0.015650033950805664,0.2656073570251465,0.031229496002197266
5700,0.01562976837158203,0.2655963897705078,0.03124380111694336
5700,0.015623092651367188,0.2588818073272705,0.046874046325683594
5700,0.015625953674316406,0.25185394287109375,0.049892425537109375
5700,0.01562356948852539,0.2667670249938965,0.046866655349731445
5800,0.016988515853881836,0.2812178134918213,0.05715012550354004
5800,0.015648841857910156,0.2812323570251465,0.04685068130493164
5800,0.015624523162841797,0.286954402923584,0.04688453674316406
5800,0.01562666893005371,0.2812340259552002,0.04686999320983887
5800,0.015627145767211914,0.28508925437927246,0.04688429832458496
5800,0.015624523162841797,0.2588036060333252,0.04738163948059082
5800,0.015642642974853516,0.28121161460876465,0.046871185302734375
5800,0.031246423721313477,0.27541422843933105,0.031226634979248047
5800,0.015625953674316406,0.2731339931488037,0.06250905990600586
5800,0.015625476837158203,0.26558852195739746,0.04687166213989258
5900,0.015628814697265625,0.31427764892578125,0.04684948921203613
5900,0.015629053115844727,0.3129737377166748,0.06250810623168945
5900,0.015625715255737305,0.31494975090026855,0.04686784744262695
5900,0.015624284744262695,0.3139533996582031,0.046871185302734375
5900,0.01562952995300293,0.314861536026001,0.04687762260437012
5900,0.015629053115844727,0.31522154808044434,0.046871185302734375
5900,0.015630006790161133,0.31650495529174805,0.06251168251037598
5900,0.01562809944152832,0.3124828338623047,0.04686546325683594
5900,0.015626192092895508,0.29683709144592285,0.04686594009399414
5900,0.015629053115844727,0.31578850746154785,0.06250786781311035
6000,0.0156252384185791,0.2655930519104004,0.04686617851257324
6000,0.031231403350830078,0.2780313491821289,0.046887874603271484
6000,0.015631675720214844,0.2716221809387207,0.06249380111694336
6000,0.015624284744262695,0.28473377227783203,0.046869754791259766
6000,0.015625476837158203,0.26752233505249023,0.04686927795410156
6000,0.015622854232788086,0.2812306880950928,0.031248092651367188
6000,0.031249523162841797,0.26086902618408203,0.04686999320983887
6000,0.015609025955200195,0.27621006965637207,0.06251382827758789
6000,0.015606403350830078,0.26558828353881836,0.06251311302185059
6000,0.031230449676513672,0.2812521457672119,0.046871185302734375
6100,0.015628576278686523,0.2983520030975342,0.046869754791259766
6100,0.015625,0.2741835117340088,0.06249189376831055
6100,0.020634889602661133,0.28121256828308105,0.049378156661987305
6100,0.01562047004699707,0.28121376037597656,0.06251335144042969
6100,0.03123188018798828,0.2812376022338867,0.04686546325683594
6100,0.031247854232788086,0.2812328338623047,0.06249237060546875
6100,0.01562643051147461,0.2968559265136719,0.06251120567321777
6100,0.015615701675415039,0.26558947563171387,0.046880245208740234
6100,0.015633344650268555,0.28956007957458496,0.050015926361083984
6100,0.031249523162841797,0.2812166213989258,0.046866655349731445
6200,0.015625476837158203,0.2812526226043701,0.06249499320983887
6200,0.015625715255737305,0.30039072036743164,0.062494754791259766
6200,0.015608549118041992,0.3055591583251953,0.05100655555725098
6200,0.0312497615814209,0.2877023220062256,0.04686594009399414
6200,0.015624046325683594,0.28724169731140137,0.04687929153442383
6200,0.015627622604370117,0.2812333106994629,0.06249189376831055
6200,0.03124833106994629,0.288682222366333,0.046869516372680664
6200,0.015626192092895508,0.2812328338623047,0.04685235023498535
6200,0.031249284744262695,0.28121399879455566,0.04686927795410156
6200,0.031231164932250977,0.2872910499572754,0.04688549041748047
6300,0.015627384185791016,0.2944355010986328,0.06249499320983887
6300,0.01562643051147461,0.29683923721313477,0.06249070167541504
6300,0.0312497615814209,0.29683732986450195,0.04687023162841797
6300,0.031249046325683594,0.3032100200653076,0.046866416931152344
6300,0.03124833106994629,0.30088162422180176,0.04686927795410156
6300,0.031247854232788086,0.2808060646057129,0.046872854232788086
6300,0.01562356948852539,0.2994828224182129,0.0786290168762207
6300,0.022833824157714844,0.30164289474487305,0.04686856269836426
6300,0.01564621925354004,0.28333497047424316,0.04686737060546875
6300,0.015623092651367188,0.2812328338623047,0.04687142372131348
6400,0.031231403350830078,0.2925262451171875,0.04686737060546875
6400,0.015624284744262695,0.2833232879638672,0.04686856269836426
6400,0.01562356948852539,0.29683685302734375,0.04687094688415527
6400,0.01564311981201172,0.29683685302734375,0.04687142372131348
6400,0.015626192092895508,0.29683566093444824,0.06251239776611328
6400,0.031248807907104492,0.2968416213989258,0.04686546325683594
6400,0.015608549118041992,0.28426241874694824,0.06250834465026855
6400,0.031246662139892578,0.2967972755432129,0.046868324279785156
6400,0.031249284744262695,0.29094982147216797,0.04686903953552246
6400,0.015625715255737305,0.29276275634765625,0.06249403953552246
6500,0.015625476837158203,0.2947683334350586,0.04686617851257324
6500,0.01564645767211914,0.2968161106109619,0.06801819801330566
6500,0.015623331069946289,0.2812159061431885,0.062493324279785156
6500,0.031248807907104492,0.2968587875366211,0.06249094009399414
6500,0.015624761581420898,0.2968564033508301,0.062494516372680664
6500,0.015623807907104492,0.29685544967651367,0.046854496002197266
6500,0.031229734420776367,0.31247901916503906,0.06251335144042969
6500,0.015622377395629883,0.31246280670166016,0.062494754791259766
6500,0.015611648559570312,0.2833223342895508,0.06250905990600586
6500,0.015622854232788086,0.28122949600219727,0.046869754791259766
6600,0.031248092651367188,0.29683709144592285,0.04686713218688965
6600,0.015624761581420898,0.28931570053100586,0.06251382827758789
6600,0.03123307228088379,0.2812361717224121,0.06250739097595215
6600,0.01562190055847168,0.2968595027923584,0.062497615814208984
6600,0.03126335144042969,0.3125343322753906,0.04687166213989258
6600,0.015643835067749023,0.29373860359191895,0.06249189376831055
6600,0.015628814697265625,0.315016508102417,0.06247425079345703
6600,0.01562643051147461,0.2978942394256592,0.06247353553771973
6600,0.031232595443725586,0.30048537254333496,0.04688882827758789
6600,0.01560664176940918,0.3008894920349121,0.06249189376831055
6700,0.01564311981201172,0.30138301849365234,0.06250190734863281
6700,0.03125309944152832,0.29685425758361816,0.04895329475402832
6700,0.030153512954711914,0.31247997283935547,0.04687047004699707
6700,0.015624761581420898,0.2958717346191406,0.06250977516174316
6700,0.031249523162841797,0.31247758865356445,0.04687190055847168
6700,0.0156402587890625,0.31246209144592285,0.046872615814208984
6700,0.031248807907104492,0.3124842643737793,0.04686617851257324
6700,0.015609025955200195,0.2968580722808838,0.06251001358032227
6700,0.015627622604370117,0.31248044967651367,0.046868324279785156
6700,0.015623807907104492,0.3058035373687744,0.06249403953552246
6800,0.03124856948852539,0.31246423721313477,0.06250810623168945
6800,0.015627384185791016,0.31245970726013184,0.06249427795410156
6800,0.031230926513671875,0.3124659061431885,0.04688763618469238
6800,0.031231164932250977,0.31246232986450195,0.06251144409179688
6800,0.03125,0.32810544967651367,0.04686784744262695
6800,0.01562643051147461,0.296842098236084,0.062490224838256836
6800,0.015624284744262695,0.29035210609436035,0.04686689376831055
6800,0.015624284744262695,0.31243324279785156,0.06249427795410156
6800,0.015625476837158203,0.312467098236084,0.06248760223388672
6800,0.026040315628051758,0.32808399200439453,0.06251382827758789
6900,0.015608549118041992,0.37495899200439453,0.06251025199890137
6900,0.01561880111694336,0.37495923042297363,0.06250929832458496
6900,0.015642166137695312,0.3749735355377197,0.06249380111694336
6900,0.015611886978149414,0.35935282707214355,0.04688549041748047
6900,0.015604734420776367,0.37497663497924805,0.06251192092895508
6900,0.01564168930053711,0.34373044967651367,0.04687213897705078
6900,0.015624761581420898,0.34371185302734375,0.06249260902404785
6900,0.03122878074645996,0.3593871593475342,0.064483642578125
6900,0.015624284744262695,0.3931152820587158,0.04686737060546875
6900,0.015610933303833008,0.37697434425354004,0.07813453674316406
7000,0.015628576278686523,0.3157501220703125,0.07813191413879395
7000,0.027233600616455078,0.3134748935699463,0.06251239776611328
7000,0.015643596649169922,0.32149434089660645,0.06249737739562988
7000,0.015620708465576172,0.32860326766967773,0.06249594688415527
7000,0.031230449676513672,0.3290982246398926,0.06251120567321777
7000,0.015625,0.3028910160064697,0.06248950958251953
7000,0.03127026557922363,0.31599926948547363,0.06249260902404785
7000,0.015625953674316406,0.31245994567871094,0.06249690055847168
7000,0.015630006790161133,0.3164787292480469,0.06249284744262695
7000,0.015624523162841797,0.3341202735900879,0.06249237060546875
7100,0.01562643051147461,0.32547879219055176,0.06249427795410156
7100,0.031249284744262695,0.33217382431030273,0.06249523162841797
7100,0.03125500679016113,0.3316683769226074,0.06249070167541504
7100,0.03123021125793457,0.3311622142791748,0.06250643730163574
7100,0.01564335823059082,0.34624552726745605,0.06247377395629883
7100,0.015625953674316406,0.329134464263916,0.06249594688415527
7100,0.031252145767211914,0.3301403522491455,0.04686927795410156
7100,0.031249284744262695,0.3316178321838379,0.046871185302734375
7100,0.03126835823059082,0.33061885833740234,0.062491655349731445
7100,0.03127145767211914,0.3437306880950928,0.04684805870056152
7200,0.03124690055847168,0.31246137619018555,0.04687237739562988
7200,0.015648841857910156,0.3246114253997803,0.06249523162841797
7200,0.031249523162841797,0.32808566093444824,0.06251168251037598
7200,0.03125405311584473,0.36280202865600586,0.05905771255493164
7200,0.03126978874206543,0.32808423042297363,0.04686546325683594
7200,0.03126955032348633,0.343707799911499,0.04687309265136719
7200,0.031248807907104492,0.32808613777160645,0.06249260902404785
7200,0.031234264373779297,0.34372758865356445,0.06249356269836426
7200,0.03124713897705078,0.32808446884155273,0.06251358985900879
7200,0.031249284744262695,0.3343217372894287,0.0480198860168457
7300,0.015624523162841797,0.32808613777160645,0.046869754791259766
7300,0.015626192092895508,0.34372448921203613,0.06251335144042969
7300,0.015636920928955078,0.34372901916503906,0.06602025032043457
7300,0.01564335823059082,0.34771728515625,0.0625007152557373
7300,0.015642881393432617,0.33159899711608887,0.062494516372680664
7300,0.015648841857910156,0.3472261428833008,0.06249356269836426
7300,0.01562643051147461,0.3316519260406494,0.06249642372131348
7300,0.03127455711364746,0.33112311363220215,0.046869516372680664
7300,0.01564335823059082,0.3477489948272705,0.06249427795410156
7300,0.031248807907104492,0.37848424911499023,0.062494516372680664
7400,0.015624284744262695,0.4218428134918213,0.06249547004699707
7400,0.031245708465576172,0.34371447563171387,0.06249117851257324
7400,0.01562356948852539,0.3905978202819824,0.062496185302734375
7400,0.0474853515625,0.4597187042236328,0.127777099609375
7400,0.03398251533508301,0.4669058322906494,0.09394454956054688
7400,0.031247854232788086,0.4362204074859619,0.06249809265136719
7400,0.03797793388366699,0.5796496868133545,0.15890789031982422
7400,0.010070323944091797,0.4201481342315674,0.06895899772644043
7400,0.029982328414916992,0.4178469181060791,0.07795190811157227
7400,0.03123021125793457,0.3593325614929199,0.07053232192993164
7500,0.03124833106994629,0.3316168785095215,0.06249570846557617
7500,0.025998592376708984,0.45122337341308594,0.07695698738098145
7500,0.01562666893005371,0.39398717880249023,0.046869754791259766
7500,0.029982328414916992,0.5224833488464355,0.08195328712463379
7500,0.015610694885253906,0.3509852886199951,0.07813310623168945
7500,0.025966167449951172,0.37633347511291504,0.0819697380065918
7500,0.030997753143310547,0.37807536125183105,0.07895517349243164
7500,0.015629053115844727,0.4091002941131592,0.06249547004699707
7500,0.02798318862915039,0.4241664409637451,0.07895445823669434
7500,0.015626907348632812,0.3534262180328369,0.057268619537353516
7600,0.031247615814208984,0.34874653816223145,0.06249260902404785
7600,0.031249284744262695,0.34372782707214355,0.062491655349731445
7600,0.03125286102294922,0.34370899200439453,0.06251215934753418
7600,0.015610933303833008,0.34370899200439453,0.07813596725463867
7600,0.015641212463378906,0.3437082767486572,0.062496185302734375
7600,0.01562786102294922,0.34372568130493164,0.06247854232788086
7600,0.015628337860107422,0.34371137619018555,0.06249499320983887
7600,0.015648603439331055,0.3520381450653076,0.07811808586120605
7600,0.01563239097595215,0.3437070846557617,0.06451845169067383
7600,0.01562643051147461,0.3279743194580078,0.0781257152557373
7700,0.03125953674316406,0.3462388515472412,0.04687047004699707
7700,0.03127145767211914,0.36587071418762207,0.062494754791259766
7700,0.02498626708984375,0.3584105968475342,0.07270216941833496
7700,0.015048027038574219,0.37495923042297363,0.06281018257141113
7700,0.015650272369384766,0.34370970726013184,0.07811784744262695
7700,0.015624761581420898,0.3437073230743408,0.0821526050567627
7700,0.0312657356262207,0.36249399185180664,0.04687166213989258
7700,0.0312347412109375,0.3738720417022705,0.06250739097595215
7700,0.03125190734863281,0.36287832260131836,0.062488555908203125
7700,0.031247377395629883,0.35933589935302734,0.062493085861206055
7800,0.03124856948852539,0.37497663497924805,0.051192522048950195
7800,0.01561117172241211,0.35935115814208984,0.07811856269836426
7800,0.031236886978149414,0.35933399200439453,0.06250977516174316
7800,0.015647411346435547,0.36058902740478516,0.0670325756072998
7800,0.015630483627319336,0.3477284908294678,0.06249403953552246
7800,0.01562643051147461,0.3618755340576172,0.07809758186340332
7800,0.031249284744262695,0.36385369300842285,0.06249260902404785
7800,0.015605449676513672,0.37497806549072266,0.06251358985900879
7800,0.03122997283935547,0.37495994567871094,0.06251239776611328
7800,0.015631437301635742,0.37499356269836426,0.06251144409179688
7900,0.031270503997802734,0.3749580383300781,0.05732154846191406
7900,0.015631675720214844,0.35933685302734375,0.06251335144042969
7900,0.031230926513671875,0.39209485054016113,0.06251049041748047
7900,0.015630483627319336,0.35723328590393066,0.07813692092895508
7900,0.031230449676513672,0.38800859451293945,0.06251192092895508
7900,0.015625476837158203,0.3905823230743408,0.07811617851257324
7900,0.015608787536621094,0.3749556541442871,0.06251263618469238
7900,0.03126883506774902,0.39059877395629883,0.06249189376831055
7900,0.019134521484375,0.3749568462371826,0.06251239776611328
7900,0.04100346565246582,0.38700175285339355,0.045006752014160156
8000,0.024988174438476562,0.37943291664123535,0.08335542678833008
8000,0.023987293243408203,0.4033796787261963,0.07195639610290527
8000,0.031252384185791016,0.4062049388885498,0.06249403953552246
8000,0.015625,0.39060068130493164,0.06543159484863281
8000,0.025154590606689453,0.36458373069763184,0.06249189376831055
8000,0.033080339431762695,0.37806248664855957,0.07811999320983887
8000,0.01562976837158203,0.3696260452270508,0.06249523162841797
8000,0.01562356948852539,0.3827497959136963,0.07811951637268066
8000,0.0312504768371582,0.38915109634399414,0.06249523162841797
8000,0.011096000671386719,0.3967432975769043,0.08141374588012695
8100,0.031260013580322266,0.4111592769622803,0.06249737739562988
8100,0.014043331146240234,0.3849203586578369,0.07702326774597168
8100,0.015625476837158203,0.3852713108062744,0.07813549041748047
8100,0.015624761581420898,0.41847801208496094,0.061636924743652344
8100,0.031232118606567383,0.40405964851379395,0.06251263618469238
8100,0.04062080383300781,0.40807151794433594,0.06250882148742676
8100,0.01561284065246582,0.4037337303161621,0.05629754066467285
8100,0.0375211238861084,0.4203183650970459,0.059973955154418945
8100,0.031229019165039062,0.3943514823913574,0.062494516372680664
8100,0.013508319854736328,0.41588687896728516,0.07811856269836426
8200,0.227064847946167,0.4402306079864502,0.06767463684082031
8200,0.031249284744262695,0.4152662754058838,0.062494516372680664
8200,0.01563239097595215,0.4047260284423828,0.07811832427978516
8200,0.025984525680541992,0.4047243595123291,0.08777880668640137
8200,0.03124690055847168,0.4185066223144531,0.06249833106994629
8200,0.024983882904052734,0.43050169944763184,0.06891942024230957
8200,0.026982545852661133,0.41989660263061523,0.07370734214782715
8200,0.031250953674316406,0.4438042640686035,0.05304908752441406
8200,0.02599048614501953,0.3844144344329834,0.07939291000366211
8200,0.031247854232788086,0.4164721965789795,0.06249427795410156
8300,0.03650212287902832,0.41291213035583496,0.06249523162841797
8300,0.031000137329101562,0.45807433128356934,0.06962251663208008
8300,0.011175394058227539,0.42830872535705566,0.07495546340942383
8300,0.015624523162841797,0.43868374824523926,0.060637712478637695
8300,0.044945716857910156,0.4283778667449951,0.06251406669616699
8300,0.03123307228088379,0.4289414882659912,0.05064535140991211
8300,0.0312497615814209,0.4537484645843506,0.06249403953552246
8300,0.025985240936279297,0.4062201976776123,0.07386445999145508
8300,0.031250715255737305,0.3827536106109619,0.06251144409179688
8300,0.023967504501342773,0.40282177925109863,0.06962895393371582
8400,0.031248807907104492,0.4057018756866455,0.06251001358032227
8400,0.031252145767211914,0.43407225608825684,0.062474966049194336
8400,0.022644519805908203,0.41985392570495605,0.05829119682312012
8400,0.03410792350769043,0.4338805675506592,0.06249570846557617
8400,0.018048524856567383,0.42128968238830566,0.08640575408935547
8400,0.031248807907104492,0.4249153137207031,0.05901813507080078
8400,0.015631675720214844,0.42173075675964355,0.07053232192993164
8400,0.031252145767211914,0.37940287590026855,0.06249117851257324
8400,0.026003599166870117,0.4100677967071533,0.0703437328338623
8400,0.023729801177978516,0.43795108795166016,0.07035684585571289
8500,0.023166656494140625,0.4090559482574463,0.07105493545532227
8500,0.03122997283935547,0.4131889343261719,0.06251168251037598
8500,0.031235456466674805,0.40873122215270996,0.06251096725463867
8500,0.031230449676513672,0.4423046112060547,0.05696916580200195
8500,0.033976078033447266,0.5406711101531982,0.0819547176361084
8500,0.023387908935546875,0.42786288261413574,0.08509063720703125
8500,0.03125,0.4379298686981201,0.05596637725830078
8500,0.02698349952697754,0.5486650466918945,0.07095909118652344
8500,0.025983333587646484,0.40905189514160156,0.07729625701904297
8500,0.013097524642944336,0.42420434951782227,0.06396031379699707
8600,0.027986764907836914,0.43477511405944824,0.07295393943786621
8600,0.01562952995300293,0.4445805549621582,0.07813525199890137
8600,0.031230926513671875,0.41646504402160645,0.062491655349731445
8600,0.03124856948852539,0.4124448299407959,0.0727388858795166
8600,0.015609979629516602,0.41754889488220215,0.08666181564331055
8600,0.015639543533325195,0.40397119522094727,0.06251049041748047
8600,0.015614748001098633,0.3967108726501465,0.07813453674316406
8600,0.04426288604736328,0.47547101974487305,0.06249499320983887
8600,0.015614986419677734,0.41936540603637695,0.07813596725463867
8600,0.015624761581420898,0.3985323905944824,0.06251049041748047
8700,0.02696084976196289,0.4299042224884033,0.09556746482849121
8700,0.031229496002197266,0.43039608001708984,0.07813382148742676
8700,0.015608072280883789,0.4218485355377197,0.09375691413879395
8700,0.02565479278564453,0.42806553840637207,0.09375643730163574
8700,0.031249523162841797,0.4303772449493408,0.07811641693115234
8700,0.09494352340698242,0.6304202079772949,0.2868332862854004
8700,0.04497385025024414,0.6426291465759277,0.1719052791595459
8700,0.027985095977783203,0.5656747817993164,0.07895135879516602
8700,0.02898406982421875,0.4877188205718994,0.10893511772155762
8700,0.028981685638427734,0.39977073669433594,0.09295010566711426
8800,0.05197024345397949,0.6396322250366211,0.21787548065185547
8800,0.08695483207702637,1.3367493152618408,0.15291142463684082
8800,0.04897189140319824,0.8155312538146973,0.13592219352722168
8800,0.07195830345153809,1.3797392845153809,0.13492250442504883
8800,0.037978410720825195,0.7405722141265869,0.11393332481384277
8800,0.03997611999511719,1.025402545928955,0.11993145942687988
8800,0.029982805252075195,0.8015384674072266,0.12592458724975586
8800,0.04797077178955078,1.047335147857666,0.18189477920532227
8800,0.0479733943939209,0.6826052665710449,0.12492680549621582
8800,0.0399775505065918,0.6616196632385254,0.1289234161376953
8900,0.049971818923950195,0.6643190383911133,0.11893057823181152
8900,0.045975685119628906,0.7884478569030762,0.1169135570526123
8900,0.04297637939453125,1.0653879642486572,0.14791488647460938
8900,0.04197549819946289,0.7705554962158203,0.1963949203491211
8900,0.03997492790222168,0.674614429473877,0.17789816856384277
8900,0.03997492790222168,0.6986002922058105,0.12792468070983887
8900,0.04497694969177246,0.6656160354614258,0.13292169570922852
8900,0.05096936225891113,0.7015926837921143,0.13492274284362793
8900,0.04897356033325195,0.6956009864807129,0.12592768669128418
8900,0.0399775505065918,0.7155892848968506,0.12892603874206543
9000,0.038976430892944336,0.693601131439209,0.19288945198059082
9000,0.051971435546875,0.6975798606872559,0.12892675399780273
9000,0.06396269798278809,0.7495691776275635,0.18689203262329102
9000,0.05696892738342285,0.6516242027282715,0.11992573738098145
9000,0.04097795486450195,0.6807830333709717,0.11506533622741699
9000,0.039983510971069336,0.6866061687469482,0.10292410850524902
9000,0.04597282409667969,0.645819902420044,0.11697816848754883
9000,0.04097270965576172,0.6523003578186035,0.1139366626739502
9000,0.03797626495361328,0.7278120517730713,0.11493325233459473
9000,0.04197502136230469,0.6806867122650146,0.14491629600524902
9100,0.038976192474365234,0.6446101665496826,0.11393523216247559
9100,0.03898024559020996,0.6336424350738525,0.10094046592712402
9100,0.0499725341796875,1.1357405185699463,0.138916015625
9100,0.08694911003112793,0.6846096515655518,0.19121479988098145
9100,0.046973228454589844,0.673638105392456,0.13392210006713867
9100,0.04997110366821289,0.6929526329040527,0.11815714836120605
9100,0.06495881080627441,0.7465429306030273,0.1359245777130127
9100,0.06096625328063965,1.0283417701721191,0.21187663078308105
9100,0.050971269607543945,0.7455704212188721,0.13292455673217773
9100,0.040635108947753906,0.6378417015075684,0.13193225860595703
9200,0.05097055435180664,0.5704128742218018,0.11393404006958008
9200,0.046466827392578125,0.685610294342041,0.12392807006835938
9200,0.04497480392456055,0.639350175857544,0.11493444442749023
9200,0.04498004913330078,0.609649658203125,0.11943817138671875
9200,0.04197406768798828,0.609654426574707,0.10573363304138184
9200,0.0379786491394043,0.6456284523010254,0.11293458938598633
9200,0.03997516632080078,0.6535768508911133,0.1287553310394287
9200,0.047976016998291016,0.6191132068634033,0.14791297912597656
9200,0.039978981018066406,0.6076316833496094,0.12092947959899902
9200,0.03697943687438965,0.6007721424102783,0.11293411254882812
9300,0.04797983169555664,0.6443181037902832,0.11593413352966309
9300,0.04697442054748535,0.6122407913208008,0.10694003105163574
9300,0.04997134208679199,0.7135212421417236,0.12019467353820801
9300,0.050978899002075195,0.9802980422973633,0.15691018104553223
9300,0.0359797477722168,0.6346397399902344,0.10593748092651367
9300,0.032973289489746094,0.49971437454223633,0.08795762062072754
9300,0.030981779098510742,0.485703706741333,0.08195257186889648
9300,0.031249523162841797,0.48281383514404297,0.08262753486633301
9300,0.03197908401489258,0.4905693531036377,0.08895158767700195
9300,0.030981779098510742,0.48457813262939453,0.08295178413391113
9400,0.03196215629577637,0.44774413108825684,0.08496785163879395
9400,0.03124833106994629,0.48892831802368164,0.09374427795410156
9400,0.031230926513671875,0.4514801502227783,0.0806727409362793
9400,0.03196430206298828,0.44756388664245605,0.08902120590209961
9400,0.031231164932250977,0.44774889945983887,0.07813596725463867
9400,0.030983686447143555,0.44072699546813965,0.08195328712463379
9400,0.03697991371154785,0.4656703472137451,0.08095455169677734
9400,0.02998185157775879,0.46271491050720215,0.07895421981811523
9400,0.029979944229125977,0.45573878288269043,0.10094475746154785
9400,0.030963420867919922,0.48271989822387695,0.08297133445739746
9500,0.03498077392578125,0.4467446804046631,0.08594870567321777
9500,0.0339810848236084,0.44272851943969727,0.08494877815246582
9500,0.033978939056396484,0.47870588302612305,0.08994841575622559
9500,0.03697919845581055,0.46673107147216797,0.09594416618347168
9500,0.03398251533508301,0.48272204399108887,0.09594440460205078
9500,0.038979530334472656,0.45374011993408203,0.08794736862182617
9500,0.03497958183288574,0.471726655960083,0.09194540977478027
9500,0.03498101234436035,0.44472527503967285,0.08594894409179688
9500,0.03697919845581055,0.47872495651245117,0.10294079780578613
9500,0.03698015213012695,0.4517230987548828,0.09694170951843262
9600,0.03797626495361328,0.45671939849853516,0.0999443531036377
9600,0.03497886657714844,0.455721378326416,0.09094810485839844
9600,0.031232357025146484,0.45871663093566895,0.09583187103271484
9600,0.03596067428588867,0.4607541561126709,0.10824799537658691
9600,0.03126835823059082,0.49002671241760254,0.09374165534973145
9600,0.037978172302246094,0.46071696281433105,0.09294581413269043
9600,0.03597855567932129,0.4517216682434082,0.08693075180053711
9600,0.03497624397277832,0.44574499130249023,0.0899512767791748
9600,0.038977622985839844,0.45671844482421875,0.08295106887817383
9600,0.0339808464050293,0.46271419525146484,0.09194493293762207
9700,0.04397439956665039,0.46471357345581055,0.08994722366333008
9700,0.03698015213012695,0.4737277030944824,0.08594822883605957
9700,0.03597903251647949,0.4617328643798828,0.07895231246948242
9700,0.030862092971801758,0.47071099281311035,0.08894824981689453
9700,0.032968997955322266,0.47280120849609375,0.08996391296386719
9700,0.03697848320007324,0.4847230911254883,0.08095431327819824
9700,0.03798031806945801,0.463714599609375,0.07995152473449707
9700,0.03397965431213379,0.5386898517608643,0.0799553394317627
9700,0.03898024559020996,0.4687306880950928,0.08794713020324707
9700,0.0379793643951416,0.5166840553283691,0.09594345092773438
9800,0.03897738456726074,0.47071027755737305,0.10393738746643066
9800,0.03698134422302246,0.4917175769805908,0.10094141960144043
9800,0.03697824478149414,0.49871325492858887,0.09592556953430176
9800,0.03997802734375,0.47670841217041016,0.09594321250915527
9800,0.035979270935058594,0.5286960601806641,0.11592817306518555
9800,0.03896069526672363,0.528679370880127,0.10295915603637695
9800,0.041974782943725586,0.4876999855041504,0.10194277763366699
9800,0.03697705268859863,0.5152933597564697,0.12602448463439941
9800,0.038977861404418945,0.4897000789642334,0.09294700622558594
9800,0.043976545333862305,0.5177004337310791,0.09994053840637207
9900,0.045984506607055664,0.5326735973358154,0.10193920135498047
9900,0.03797745704650879,0.5117037296295166,0.10793471336364746
9900,0.04497265815734863,0.48670125007629395,0.11093473434448242
9900,0.041976213455200195,0.5047101974487305,0.09194612503051758
9900,0.05198359489440918,0.5226993560791016,0.10394072532653809
9900,0.03796100616455078,0.505711555480957,0.0999612808227539
9900,0.03697967529296875,0.49469971656799316,0.09394574165344238
9900,0.03697919845581055,0.5266788005828857,0.08894634246826172
9900,0.03497815132141113,0.5027122497558594,0.09894490242004395
9900,0.035978078842163086,0.4976949691772461,0.09994196891784668
